product_id,attribute_name,attribute_value,status,source_document_id,source_chunk_id,confidence,reviewed_at,reviewer,notes
0,Mounting Height,86mm,APPROVED,,,,,,
0,Dimensions,86mm x 54.5mm,APPROVED,,,,,,
20240904E,Temperature Range,-40° to 158°F,APPROVED,,,,,,
20240904E,Humidity Range,5 to 95% RH,APPROVED,,,,,,
20240904E,Mounting,Actuator screws onto valve body,APPROVED,,,,,,
20240904E,Driving Power Consumption,Low,APPROVED,,,,,,
20240904I,Control Mode,On/Off type,APPROVED,,,,,,
20240904I,Control Signal,3-wire,APPROVED,,,,,,
20240904I,Control Signal,2-wire,APPROVED,,,,,,
ALER9000,CPU,iMX8M+ Quad Core,APPROVED,,,,,,
ALER9000,RAM,2GB LPDDR4,APPROVED,,,,,,
ALER9000,Storage,8GB micro-SD card,APPROVED,,,,,,
ALER9000,WiFi,WiFi 5 (802.11ac),APPROVED,,,,,,
CN1000305,Operating Range,43191679-011,APPROVED,,,,,,
CN1000305,Stroke,20/38mm,APPROVED,,,,,,
DECO,Dimensions,3 -19/32 ” (91.2mm),APPROVED,,,,,,
E0001535,Valve Insert,kvs 0.25,APPROVED,,,,,,
E0001535,Valve Insert,kvs 0.40,APPROVED,,,,,,
E0001535,Valve Insert,kvs 0.63,APPROVED,,,,,,
E0001536,Valve Insert,kvs 0.25,APPROVED,,,,,,
E0001536,Valve Insert,kvs 0.40,APPROVED,,,,,,
E0001536,Valve Insert,kvs 0.63,APPROVED,,,,,,
E0001544,Valve Insert,kvs 0.25,APPROVED,,,,,,
E0001544,Valve Insert,kvs 0.40,APPROVED,,,,,,
E0001544,Valve Insert,kvs 0.63,APPROVED,,,,,,
E0001546,Valve Insert,kvs 0.25,APPROVED,,,,,,
E0001546,Valve Insert,kvs 0.40,APPROVED,,,,,,
E0001546,Valve Insert,kvs 0.63,APPROVED,,,,,,
E0001547,Valve Insert,kvs 0.25,APPROVED,,,,,,
E0001547,Valve Insert,kvs 0.40,APPROVED,,,,,,
E0001547,Valve Insert,kvs 0.63,APPROVED,,,,,,
E0001817,Gas Detection,Componenti off-gas delle batterie al litio,APPROVED,,,,,,
E0001817,Temperature Range,-10 to +60oC,APPROVED,,,,,,
E0001817,Humidity Range,5-95% RH,APPROVED,,,,,,
E0001817,Response Time,5 secondi,APPROVED,,,,,,
E0001818,Gas Detection,Componenti off-gas delle batterie al litio,APPROVED,,,,,,
E0001818,Temperature Range,-10 to +60oC,APPROVED,,,,,,
E0001818,Humidity Range,5-95% RH,APPROVED,,,,,,
E0001818,Response Time,5 secondi,APPROVED,,,,,,
E0001822,Gas Detection,Componenti off-gas delle batterie al litio,APPROVED,,,,,,
E0001822,Temperature Range,-10 to +60oC,APPROVED,,,,,,
E0001822,Humidity Range,5-95% RH,APPROVED,,,,,,
E0001822,Response Time,5 secondi,APPROVED,,,,,,
E0004167,Supply Voltage,Adequate,APPROVED,,,,,,
E0004168,Supply Voltage,Adequate,APPROVED,,,,,,
E0004178,Stroke,20/38mm,APPROVED,,,,,,
E0004178,Force,600 N,APPROVED,,,,,,
E0004181,Stroke,20/38mm,APPROVED,,,,,,
E0004181,Force,600 N,APPROVED,,,,,,
E0004182,Stroke,20/38mm,APPROVED,,,,,,
E0004182,Force,600 N,APPROVED,,,,,,
EP00017,Supply Voltage,200-250V,APPROVED,,,,,,
EP00018,Supply Voltage,200-250V,APPROVED,,,,,,
EP00019,Supply Voltage,200-250V,APPROVED,,,,,,
EP00020,Supply Voltage,200-250V,APPROVED,,,,,,
EP00021,Supply Voltage,200-250V,APPROVED,,,,,,
EP00022,Supply Voltage,200-250V,APPROVED,,,,,,
EP00023,Supply Voltage,200-250V,APPROVED,,,,,,
EP00024,Supply Voltage,200-250V,APPROVED,,,,,,
EP00025,Supply Voltage,200-250V,APPROVED,,,,,,
EP00026,Supply Voltage,200-250V,APPROVED,,,,,,
EP00027,Supply Voltage,200-250V,APPROVED,,,,,,
EP00028,Supply Voltage,200-250V,APPROVED,,,,,,
EP00029,Supply Voltage,200-250V,APPROVED,,,,,,
EP00030,Supply Voltage,200-250V,APPROVED,,,,,,
EP00109,Supply Voltage,200-250V,APPROVED,,,,,,
EP00110,Supply Voltage,200-250V,APPROVED,,,,,,
EP00111,Supply Voltage,200-250V,APPROVED,,,,,,
EP00112,Supply Voltage,200-250V,APPROVED,,,,,,
EP4-006,Supply Voltage,200-250V,APPROVED,,,,,,
EP4-008,Supply Voltage,200-250V,APPROVED,,,,,,
EP5-002,Supply Voltage,200-250V,APPROVED,,,,,,
EP5-023,Supply Voltage,200-250V,APPROVED,,,,,,
EP5-028,Supply Voltage,200-250V,APPROVED,,,,,,
EP5-035,Supply Voltage,200-250V,APPROVED,,,,,,
EP5-062,Supply Voltage,200-250V,APPROVED,,,,,,
EP5-063,Supply Voltage,200-250V,APPROVED,,,,,,
EP5-065,Supply Voltage,200-250V,APPROVED,,,,,,
EP6-007,Supply Voltage,200-250V,APPROVED,,,,,,
EP6-018,Mounting Height,Not specified,APPROVED,,,,,,
EP6-018,Technology,PIR,APPROVED,,,,,,
EP6-061,Mounting Height,Not specified,APPROVED,,,,,,
EP6-061,Technology,PIR,APPROVED,,,,,,
EP6-063,Supply Voltage,200-250V,APPROVED,,,,,,
HVFD3G,Input Voltage,208/230V AC,APPROVED,,,,,,
IQ5IO816,Number of Digital Inputs,16,APPROVED,,,,,,
IQ5IO816,Number of Digital Outputs,8,APPROVED,,,,,,
K2766,Supply Voltage,200-250V,APPROVED,,,,,,
M2M-EP,Supply Voltage,200-250V,APPROVED,,,,,,
M2M-FIRE,Ambient Temperature,-25°C / 70°C,APPROVED,,,,,,
ML6421A300,Operating Range,10 kohm,APPROVED,,,,,,
ML7421AB00,Operating Range,10 kohm,APPROVED,,,,,,
P00500100,CPU,i.MX 8M Plus,APPROVED,,,,,,
P00500100,RAM,2 GB,APPROVED,,,,,,
P00500100,Storage,8 GB,APPROVED,,,,,,
P00500100,Operating System,LINUX 64-bit,APPROVED,,,,,,
P1603890113160661,Input Voltage,12VDC,APPROVED,,,,,,
P1902522,Height,50mm,APPROVED,,,,,,
P1902523,Height,50mm,APPROVED,,,,,,
P1902525,Height,50mm,APPROVED,,,,,,
P1902526,Height,50mm,APPROVED,,,,,,
P1902527,Height,50mm,APPROVED,,,,,,
P1904391,Operating Range,43191679-011,APPROVED,,,,,,
P1904391,Operating Range,43191679-012,APPROVED,,,,,,
P1904392,Operating Range,43191679-011,APPROVED,,,,,,
P1904392,Operating Range,43191679-012,APPROVED,,,,,,
P1904394,Operating Range,43191679-011,APPROVED,,,,,,
P1904394,Operating Range,43191679-012,APPROVED,,,,,,
P1904587,Height,50mm,APPROVED,,,,,,
P1904588,Height,50mm,APPROVED,,,,,,
P1904589,Height,50mm,APPROVED,,,,,,
P1904613,Input Voltage,12VDC,APPROVED,,,,,,
P1904613,Current Consumption,300mA,APPROVED,,,,,,
P1904653,Supply Voltage,230 VAC,APPROVED,,,,,,
P1904653,Supply Voltage,24 VAC,APPROVED,,,,,,
P1904654,Supply Voltage,230 VAC,APPROVED,,,,,,
P1904654,Supply Voltage,24 VAC,APPROVED,,,,,,
P1904686,Input Voltage,24 VAC,APPROVED,,,,,,
P1904755,Supply Voltage,230 VAC,APPROVED,,,,,,
P1904755,Supply Voltage,24 VAC,APPROVED,,,,,,
P1904755,Current Rating,300 mA,APPROVED,,,,,,
P1904755,Current Rating,600 mA,APPROVED,,,,,,
P1904755,Analogue Outputs,6,APPROVED,,,,,,
P1904755,Output Voltage,0…10 VDC,APPROVED,,,,,,
P1904761,Supply Voltage,230 VAC,APPROVED,,,,,,
P1904761,Supply Voltage,24 VAC,APPROVED,,,,,,
P1904761,Current Rating,300 mA,APPROVED,,,,,,
P1904761,Current Rating,600 mA,APPROVED,,,,,,
P1904761,Analogue Outputs,6,APPROVED,,,,,,
P1904761,Output Voltage,0…10 VDC,APPROVED,,,,,,
P1904762,Supply Voltage,230 VAC,APPROVED,,,,,,
P1904762,Supply Voltage,24 VAC,APPROVED,,,,,,
P1904762,Current Rating,300 mA,APPROVED,,,,,,
P1904762,Current Rating,600 mA,APPROVED,,,,,,
P1904762,Analogue Outputs,6,APPROVED,,,,,,
P1904762,Output Voltage,0…10 VDC,APPROVED,,,,,,
P1904775,Supply Voltage,230 VAC,APPROVED,,,,,,
P1904775,Supply Voltage,24 VAC,APPROVED,,,,,,
P1904775,Current Rating,300 mA,APPROVED,,,,,,
P1904775,Current Rating,600 mA,APPROVED,,,,,,
P1904775,Analogue Outputs,6,APPROVED,,,,,,
P1904775,Output Voltage,0…10 VDC,APPROVED,,,,,,
P1904778,Supply Voltage,230 VAC,APPROVED,,,,,,
P1904778,Supply Voltage,24 VAC,APPROVED,,,,,,
P1904778,Current Rating,300 mA,APPROVED,,,,,,
P1904778,Current Rating,600 mA,APPROVED,,,,,,
P1904778,Analogue Outputs,6,APPROVED,,,,,,
P1904778,Output Voltage,0…10 VDC,APPROVED,,,,,,
P1904780,Supply Voltage,230 VAC,APPROVED,,,,,,
P1904780,Supply Voltage,24 VAC,APPROVED,,,,,,
P1904780,Current Rating,300 mA,APPROVED,,,,,,
P1904780,Current Rating,600 mA,APPROVED,,,,,,
P1904780,Analogue Outputs,6,APPROVED,,,,,,
P1904780,Output Voltage,0…10 VDC,APPROVED,,,,,,
P1904785,Supply Voltage,230 VAC,APPROVED,,,,,,
P1904785,Supply Voltage,24 VAC,APPROVED,,,,,,
P1904785,Current Rating,300 mA,APPROVED,,,,,,
P1904785,Current Rating,600 mA,APPROVED,,,,,,
P1904785,Analogue Outputs,6,APPROVED,,,,,,
P1904785,Output Voltage,0…10 VDC,APPROVED,,,,,,
P1904797,Supply Voltage,230 VAC,APPROVED,,,,,,
P1904797,Supply Voltage,24 VAC,APPROVED,,,,,,
P1904797,Current Rating,300 mA,APPROVED,,,,,,
P1904797,Current Rating,600 mA,APPROVED,,,,,,
P1904797,Analogue Outputs,6,APPROVED,,,,,,
P1904797,Output Voltage,0…10 VDC,APPROVED,,,,,,
P1904798,Supply Voltage,230 VAC,APPROVED,,,,,,
P1904798,Supply Voltage,24 VAC,APPROVED,,,,,,
P1904798,Current Rating,300 mA,APPROVED,,,,,,
P1904798,Current Rating,600 mA,APPROVED,,,,,,
P1904798,Analogue Outputs,6,APPROVED,,,,,,
P1904798,Output Voltage,0…10 VDC,APPROVED,,,,,,
P1904831,Operating System,SQL,APPROVED,,,,,,
P1904831,Operating System,MySQL,APPROVED,,,,,,
P1904836,Operating System,SQL,APPROVED,,,,,,
P1904836,Operating System,MySQL,APPROVED,,,,,,
P1904885,Processor,Core i5-3470,APPROVED,,,,,,
P1904885,Supply Voltage Frequency,3.2GHz,APPROVED,,,,,,
P1904898,Processor,Core i5-3470,APPROVED,,,,,,
P1904898,Supply Voltage Frequency,3.2GHz,APPROVED,,,,,,
P1904899,Processor,Core i5-3470,APPROVED,,,,,,
P1904899,Supply Voltage Frequency,3.2GHz,APPROVED,,,,,,
P1904911,Processor,Core i5-3470,APPROVED,,,,,,
P1904911,Supply Voltage Frequency,3.2GHz,APPROVED,,,,,,
P1905310,Processor,Core i5-3470,APPROVED,,,,,,
P1905310,Supply Voltage Frequency,3.2GHz,APPROVED,,,,,,
P1905612,Processor,Core i5-3470,APPROVED,,,,,,
P1905612,Supply Voltage Frequency,3.2GHz,APPROVED,,,,,,
P1905613,Processor,Core i5-3470,APPROVED,,,,,,
P1905613,Supply Voltage Frequency,3.2GHz,APPROVED,,,,,,
P1905788,System Management,Centralized,APPROVED,,,,,,
P1905883,Energy Management,EMS,APPROVED,,,,,,
P1905884,Energy Management,EMS,APPROVED,,,,,,
P1906011,Flame Detector,40/40,APPROVED,,,,,,
P1906354,CO2 Measurement,0 to 2000 ppm,APPROVED,,,,,,
P1906354,Accuracy,± (30 ppm +2% of reading),APPROVED,,,,,,
P1906665,CO2 Measurement,0 to 2000 ppm,APPROVED,,,,,,
P1906665,Accuracy,±(50 ppm + 2% of measured value),APPROVED,,,,,,
P1906677,Actuator,V5011,APPROVED,,,,,,
P1906677,Actuator,V5013,APPROVED,,,,,,
P1906677,Actuator,V5016A,APPROVED,,,,,,
P1906677,Actuator,V5025,APPROVED,,,,,,
P1906677,Actuator,V5049,APPROVED,,,,,,
P1906677,Actuator,V5050,APPROVED,,,,,,
P1906678,Potentiometer Resistance,10 kohm,APPROVED,,,,,,
P1906678,Feedback Potentiometer Resistance,220 ohm,APPROVED,,,,,,
P1906678,Linear Actuator Stroke,20/38mm,APPROVED,,,,,,
P1906678,Valve Series,"V5011, V5013, V5016A, V5025, V5049, V5050, V5328, V5329",APPROVED,,,,,,
P1906683,Potentiometer Resistance,10 kohm,APPROVED,,,,,,
P1906683,Feedback Potentiometer Resistance,220 ohm,APPROVED,,,,,,
P1906683,Linear Actuator Stroke,20/38mm,APPROVED,,,,,,
P1906683,Valve Series,"V5011, V5013, V5016A, V5025, V5049, V5050, V5328, V5329",APPROVED,,,,,,
P1906685,Potentiometer Resistance,10 kohm,APPROVED,,,,,,
P1906685,Feedback Potentiometer Resistance,220 ohm,APPROVED,,,,,,
P1906685,Linear Actuator Stroke,20/38mm,APPROVED,,,,,,
P1906685,Valve Series,"V5011, V5013, V5016A, V5025, V5049, V5050, V5328, V5329",APPROVED,,,,,,
P1906686,Potentiometer Resistance,10 kohm,APPROVED,,,,,,
P1906686,Feedback Potentiometer Resistance,220 ohm,APPROVED,,,,,,
P1906686,Linear Actuator Stroke,20/38mm,APPROVED,,,,,,
P1906686,Valve Series,"V5011, V5013, V5016A, V5025, V5049, V5050, V5328, V5329",APPROVED,,,,,,
P1906687,Potentiometer Resistance,10 kohm,APPROVED,,,,,,
P1906687,Feedback Potentiometer Resistance,220 ohm,APPROVED,,,,,,
P1906687,Linear Actuator Stroke,20/38mm,APPROVED,,,,,,
P1906687,Valve Series,"V5011, V5013, V5016A, V5025, V5049, V5050, V5328, V5329",APPROVED,,,,,,
P1906688,Potentiometer Resistance,10 kohm,APPROVED,,,,,,
P1906688,Feedback Potentiometer Resistance,220 ohm,APPROVED,,,,,,
P1906688,Linear Actuator Stroke,20/38mm,APPROVED,,,,,,
P1906688,Valve Series,"V5011, V5013, V5016A, V5025, V5049, V5050, V5328, V5329",APPROVED,,,,,,
P1906690,Potentiometer Resistance,10 kohm,APPROVED,,,,,,
P1906690,Feedback Potentiometer Resistance,220 ohm,APPROVED,,,,,,
P1906690,Linear Actuator Stroke,20/38mm,APPROVED,,,,,,
P1906690,Valve Series,"V5011, V5013, V5016A, V5025, V5049, V5050, V5328, V5329",APPROVED,,,,,,
P1906691,Potentiometer Resistance,10 kohm,APPROVED,,,,,,
P1906691,Feedback Potentiometer Resistance,220 ohm,APPROVED,,,,,,
P1906691,Linear Actuator Stroke,20/38mm,APPROVED,,,,,,
P1906691,Valve Series,"V5011, V5013, V5016A, V5025, V5049, V5050, V5328, V5329",APPROVED,,,,,,
P1906692,Potentiometer Resistance,10 kohm,APPROVED,,,,,,
P1906692,Feedback Potentiometer Resistance,220 ohm,APPROVED,,,,,,
P1906692,Linear Actuator Stroke,20/38mm,APPROVED,,,,,,
P1906692,Valve Series,"V5011, V5013, V5016A, V5025, V5049, V5050, V5328, V5329",APPROVED,,,,,,
P1906884,Potentiometer Resistance,10 kohm,APPROVED,,,,,,
P1906884,Feedback Potentiometer Resistance,220 ohm,APPROVED,,,,,,
P1906884,Linear Actuator Stroke,20/38mm,APPROVED,,,,,,
P1906884,Valve Series,"V5011, V5013, V5016A, V5025, V5049, V5050, V5328, V5329",APPROVED,,,,,,
P1906885,Temperature Setpoint Dials,"Fahrenheit, Celsius, and Relative (- to +)",APPROVED,,,,,,
P1906885,Operating Temperature Range,7 °C to 37 °C (45 °F to 99 °F),APPROVED,,,,,,
P1907046,Switch Housing Material,GD AI Si 12 according to DIN 1725,APPROVED,,,,,,
P1907046,Mounting Position,Vertically upright and horizontal,APPROVED,,,,,,
P1907076,Potentiometer Resistance,10 kohm,APPROVED,,,,,,
P1907076,Feedback Potentiometer Resistance,220 ohm,APPROVED,,,,,,
P1907076,Linear Actuator Stroke,20/38mm,APPROVED,,,,,,
P1907076,Valve Series,"V5011, V5013, V5016A, V5025, V5049, V5050, V5328, V5329",APPROVED,,,,,,
P1907078,Potentiometer Resistance,10 kohm,APPROVED,,,,,,
P1907078,Feedback Potentiometer Resistance,220 ohm,APPROVED,,,,,,
P1907078,Linear Actuator Stroke,20/38mm,APPROVED,,,,,,
P1907078,Valve Series,"V5011, V5013, V5016A, V5025, V5049, V5050, V5328, V5329",APPROVED,,,,,,
P1907081,Switch Housing Material,GD AI Si 12 according to DIN 1725,APPROVED,,,,,,
P1907081,Mounting Position,Vertically upright and horizontal,APPROVED,,,,,,
P1907115,Potentiometer Resistance,10 kohm,APPROVED,,,,,,
P1907115,Feedback Potentiometer Resistance,220 ohm,APPROVED,,,,,,
P1907115,Linear Actuator Stroke,20/38mm,APPROVED,,,,,,
P1907115,Valve Series,"V5011, V5013, V5016A, V5025, V5049, V5050, V5328, V5329",APPROVED,,,,,,
P1908030,Power Source,Battery,APPROVED,,,,,,
P1908030,Communication Method,RF,APPROVED,,,,,,
P1908036,Power Source,Battery,APPROVED,,,,,,
P1908036,Communication Method,RF,APPROVED,,,,,,
P1909410,Operating Temperature,0 - 30 ºC,APPROVED,,,,,,
P1909410,Storage Temperature,-10 – 50 ºC,APPROVED,,,,,,
P1909410,Humidity,"10 – 90% RH, Non-Condensing",APPROVED,,,,,,
P1909410,Supply Voltage,120 VAC,APPROVED,,,,,,
P1909410,Supply Voltage Frequency,60Hz,APPROVED,,,,,,
P1909412,Operating Temperature,0 - 30 ºC,APPROVED,,,,,,
P1909412,Storage Temperature,-10 – 50 ºC,APPROVED,,,,,,
P1909412,Humidity,"10 – 90% RH, Non-Condensing",APPROVED,,,,,,
P1909412,Supply Voltage,120 VAC,APPROVED,,,,,,
P1909412,Supply Voltage Frequency,60Hz,APPROVED,,,,,,
P1911550,Potentiometer,10 kohm,APPROVED,,,,,,
P1911550,Feedback Potentiometer,220 ohm,APPROVED,,,,,,
P1911553,Potentiometer,10 kohm,APPROVED,,,,,,
P1911553,Feedback Potentiometer,220 ohm,APPROVED,,,,,,
P1911556,Potentiometer,10 kohm,APPROVED,,,,,,
P1911556,Feedback Potentiometer,220 ohm,APPROVED,,,,,,
P1911557,Potentiometer,10 kohm,APPROVED,,,,,,
P1911557,Feedback Potentiometer,220 ohm,APPROVED,,,,,,
P1911730,Potentiometer,10 kohm,APPROVED,,,,,,
P1911730,Feedback Potentiometer,220 ohm,APPROVED,,,,,,
P1911730,Stroke,20/38mm,APPROVED,,,,,,
P1911746,Operating Torque,8 Nm,APPROVED,,,,,,
P1911749,Potentiometer,10 kohm,APPROVED,,,,,,
P1911749,Feedback Potentiometer,220 ohm,APPROVED,,,,,,
P1911749,Stroke,20/38mm,APPROVED,,,,,,
P1911750,Potentiometer,10 kohm,APPROVED,,,,,,
P1911750,Feedback Potentiometer,220 ohm,APPROVED,,,,,,
P1911750,Stroke,20/38mm,APPROVED,,,,,,
P1911753,Potentiometer,10 kohm,APPROVED,,,,,,
P1911753,Feedback Potentiometer,220 ohm,APPROVED,,,,,,
P1911753,Stroke,20/38mm,APPROVED,,,,,,
P1911760,Potentiometer,10 kohm,APPROVED,,,,,,
P1911760,Feedback Potentiometer,220 ohm,APPROVED,,,,,,
P1911760,Stroke,20/38mm,APPROVED,,,,,,
P1911765,Kvs,0.25,APPROVED,,,,,,
P1911765,Kvs,0.40,APPROVED,,,,,,
P1911765,Kvs,0.63,APPROVED,,,,,,
P1911770,Operating Torque,8 Nm,APPROVED,,,,,,
P1911774,Potentiometer,10 kohm,APPROVED,,,,,,
P1911774,Feedback Potentiometer,220 ohm,APPROVED,,,,,,
P1911774,Stroke,20/38mm,APPROVED,,,,,,
P1911776,Potentiometer,10 kohm,APPROVED,,,,,,
P1911776,Feedback Potentiometer,220 ohm,APPROVED,,,,,,
P1911776,Stroke,20/38mm,APPROVED,,,,,,
P1911779,Potentiometer,10 kohm,APPROVED,,,,,,
P1911779,Feedback Potentiometer,220 ohm,APPROVED,,,,,,
P1911779,Stroke,20/38mm,APPROVED,,,,,,
P1911784,Potentiometer,10 kohm,APPROVED,,,,,,
P1911784,Feedback Potentiometer,220 ohm,APPROVED,,,,,,
P1911784,Stroke,20/38mm,APPROVED,,,,,,
P1911785,Potentiometer,10 kohm,APPROVED,,,,,,
P1911785,Feedback Potentiometer,220 ohm,APPROVED,,,,,,
P1911785,Stroke,20/38mm,APPROVED,,,,,,
P1911787,Potentiometer,10 kohm,APPROVED,,,,,,
P1911787,Feedback Potentiometer,220 ohm,APPROVED,,,,,,
P1911787,Stroke,20/38mm,APPROVED,,,,,,
P1911789,Potentiometer,10 kohm,APPROVED,,,,,,
P1911789,Feedback Potentiometer,220 ohm,APPROVED,,,,,,
P1911789,Stroke,20/38mm,APPROVED,,,,,,
P1911791,Potentiometer,10 kohm,APPROVED,,,,,,
P1911791,Feedback Potentiometer,220 ohm,APPROVED,,,,,,
P1911791,Stroke,20/38mm,APPROVED,,,,,,
P1911794,Potentiometer,10 kohm,APPROVED,,,,,,
P1911794,Feedback Potentiometer,220 ohm,APPROVED,,,,,,
P1911794,Stroke,20/38mm,APPROVED,,,,,,
P1911807,Stroke,90° to 160°,APPROVED,,,,,,
P1911824,Supply Voltage,24 Vac,APPROVED,,,,,,
P1911842,Operating Torque,Angular degree maximum,APPROVED,,,,,,
P1911844,Ambient Operating Limits,-5...+140° F,APPROVED,,,,,,
P1911844,Ambient Storage Limits,-22...+176° F,APPROVED,,,,,,
P1911848,Ambient Operating Limits,-5...+140 °F,APPROVED,,,,,,
P1911848,Ambient Storage Limits,-40...+175 °F,APPROVED,,,,,,
P1912041,Potentiometer,10 kohm,APPROVED,,,,,,
P1912041,Feedback Potentiometer,220 ohm,APPROVED,,,,,,
P1912041,Stroke,20/38mm,APPROVED,,,,,,
P1912042,Potentiometer,10 kohm,APPROVED,,,,,,
P1912042,Feedback Potentiometer,220 ohm,APPROVED,,,,,,
P1912042,Stroke,20/38mm,APPROVED,,,,,,
P1912043,Potentiometer,10 kohm,APPROVED,,,,,,
P1912043,Feedback Potentiometer,220 ohm,APPROVED,,,,,,
P1912043,Stroke,20/38mm,APPROVED,,,,,,
P1912044,Potentiometer,10 kohm,APPROVED,,,,,,
P1912044,Feedback Potentiometer,220 ohm,APPROVED,,,,,,
P1912044,Stroke,20/38mm,APPROVED,,,,,,
P1912045,Potentiometer,10 kohm,APPROVED,,,,,,
P1912045,Feedback Potentiometer,220 ohm,APPROVED,,,,,,
P1912045,Stroke,20/38mm,APPROVED,,,,,,
P1912055,Kvs,0.25,APPROVED,,,,,,
P1912055,Kvs,0.40,APPROVED,,,,,,
P1912055,Kvs,0.63,APPROVED,,,,,,
P1912058,Potentiometer Resistance,10 kohm,APPROVED,,,,,,
P1912058,Feedback Potentiometer Resistance,220 ohm,APPROVED,,,,,,
P1912058,Actuator Stroke,20/38mm,APPROVED,,,,,,
P1912060,Potentiometer Resistance,10 kohm,APPROVED,,,,,,
P1912060,Feedback Potentiometer Resistance,220 ohm,APPROVED,,,,,,
P1912060,Actuator Stroke,20/38mm,APPROVED,,,,,,
P1912061,Potentiometer Resistance,10 kohm,APPROVED,,,,,,
P1912061,Feedback Potentiometer Resistance,220 ohm,APPROVED,,,,,,
P1912061,Actuator Stroke,20/38mm,APPROVED,,,,,,
P1912067,Actuator Force,300 N,APPROVED,,,,,,
P1912084,Potentiometer Resistance,10 kohm,APPROVED,,,,,,
P1912084,Feedback Potentiometer Resistance,220 ohm,APPROVED,,,,,,
P1912084,Actuator Stroke,20/38mm,APPROVED,,,,,,
P1912085,Potentiometer Resistance,10 kohm,APPROVED,,,,,,
P1912085,Feedback Potentiometer Resistance,220 ohm,APPROVED,,,,,,
P1912085,Actuator Stroke,20/38mm,APPROVED,,,,,,
P1912195,Potentiometer Resistance,10 kohm,APPROVED,,,,,,
P1912195,Feedback Potentiometer Resistance,220 ohm,APPROVED,,,,,,
P1912195,Actuator Stroke,20/38mm,APPROVED,,,,,,
P1912214,Potentiometer Resistance,10 kohm,APPROVED,,,,,,
P1912214,Feedback Potentiometer Resistance,220 ohm,APPROVED,,,,,,
P1912214,Actuator Stroke,20/38mm,APPROVED,,,,,,
P1912215,Potentiometer Resistance,10 kohm,APPROVED,,,,,,
P1912215,Feedback Potentiometer Resistance,220 ohm,APPROVED,,,,,,
P1912215,Actuator Stroke,20/38mm,APPROVED,,,,,,
P1912381,Input Voltage,230 VAC,APPROVED,,,,,,
P1912381,Input Voltage,24 VAC,APPROVED,,,,,,
P1912384,Input Voltage,230 VAC,APPROVED,,,,,,
P1912384,Input Voltage,24 VAC,APPROVED,,,,,,
P1912395,Potentiometer Resistance,10 kohm,APPROVED,,,,,,
P1912395,Feedback Potentiometer Resistance,220 ohm,APPROVED,,,,,,
P1912395,Actuator Stroke,20/38mm,APPROVED,,,,,,
P1912401,Potentiometer Resistance,10 kohm,APPROVED,,,,,,
P1912401,Feedback Potentiometer Resistance,220 ohm,APPROVED,,,,,,
P1912401,Actuator Stroke,20/38mm,APPROVED,,,,,,
P1912402,Potentiometer Resistance,10 kohm,APPROVED,,,,,,
P1912402,Feedback Potentiometer Resistance,220 ohm,APPROVED,,,,,,
P1912402,Actuator Stroke,20/38mm,APPROVED,,,,,,
P1912512,Potentiometer Resistance,10 kohm,APPROVED,,,,,,
P1912512,Feedback Potentiometer Resistance,220 ohm,APPROVED,,,,,,
P1912512,Actuator Stroke,20/38mm,APPROVED,,,,,,
P1912513,Potentiometer Resistance,10 kohm,APPROVED,,,,,,
P1912513,Feedback Potentiometer Resistance,220 ohm,APPROVED,,,,,,
P1912513,Actuator Stroke,20/38mm,APPROVED,,,,,,
P1912516,Potentiometer Resistance,10 kohm,APPROVED,,,,,,
P1912516,Feedback Potentiometer Resistance,220 ohm,APPROVED,,,,,,
P1912516,Actuator Stroke,20/38mm,APPROVED,,,,,,
P1912517,Potentiometer Resistance,10 kohm,APPROVED,,,,,,
P1912517,Feedback Potentiometer Resistance,220 ohm,APPROVED,,,,,,
P1912517,Actuator Stroke,20/38mm,APPROVED,,,,,,
P1912546,Potentiometer Resistance,10 kohm,APPROVED,,,,,,
P1912546,Feedback Potentiometer Resistance,220 ohm,APPROVED,,,,,,
P1912546,Actuator Stroke,20/38mm,APPROVED,,,,,,
P1912741,Potentiometer Resistance,10 kohm,APPROVED,,,,,,
P1912741,Feedback Potentiometer Resistance,220 ohm,APPROVED,,,,,,
P1912741,Actuator Stroke,20/38mm,APPROVED,,,,,,
P1912759,Potentiometer Resistance,10 kohm,APPROVED,,,,,,
P1912759,Feedback Potentiometer Resistance,220 ohm,APPROVED,,,,,,
P1912759,Actuator Stroke,20/38mm,APPROVED,,,,,,
P1913328,Norme di riferimento,"EN 50200, CEI 20-36/4-0 (PH30) CEI 20-105",APPROVED,,,,,,
P1913329,Norme di riferimento,"EN 50200, CEI 20-36/4-0 (PH30) CEI 20-105",APPROVED,,,,,,
P1913330,Norme di riferimento,"EN 50200, CEI 20-36/4-0 (PH30) CEI 20-105",APPROVED,,,,,,
P1913332,Norme di riferimento,"EN 50200, CEI 20-36/4-0 (PH30) CEI 20-105",APPROVED,,,,,,
P1913333,Norme di riferimento,"EN 50200, CEI 20-36/4-0 (PH30) CEI 20-105",APPROVED,,,,,,
P1913334,Norme di riferimento,"EN 50200, CEI 20-36/4-0 (PH30) CEI 20-105",APPROVED,,,,,,
P1913335,Norme di riferimento,"EN 50200, CEI 20-36/4-0 (PH30) CEI 20-105",APPROVED,,,,,,
P1913337,Norme di riferimento,"EN 50200, CEI 20-36/4-0 (PH30) CEI 20-105",APPROVED,,,,,,
P1913815,Pulse input maximum frequency,100Hz,APPROVED,,,,,,
P1913815,Pulse input minimum duty cycle,5ms ON / 5ms OFF,APPROVED,,,,,,
P1919717,Supply Voltage,24,APPROVED,,,,,,
P1919718,Supply Voltage,24,APPROVED,,,,,,
P1919718,kvs,0.25,APPROVED,,,,,,
P1919719,Supply Voltage,24,APPROVED,,,,,,
P1919720,Operating Range,43191679-011,APPROVED,,,,,,
P1919720,Operating Range,43191679-012,APPROVED,,,,,,
P1919721,Operating Range,43191679-011,APPROVED,,,,,,
P1919721,Operating Range,43191679-012,APPROVED,,,,,,
P1919722,Operating Range,43191679-011,APPROVED,,,,,,
P1919722,Operating Range,43191679-012,APPROVED,,,,,,
P1919723,Operating Range,43191679-011,APPROVED,,,,,,
P1919723,Operating Range,43191679-012,APPROVED,,,,,,
P1919724,Operating Range,43191679-011,APPROVED,,,,,,
P1919724,Operating Range,43191679-012,APPROVED,,,,,,
P1919725,Operating Range,43191679-011,APPROVED,,,,,,
P1919725,Operating Range,43191679-012,APPROVED,,,,,,
P1919726,Operating Range,43191679-011,APPROVED,,,,,,
P1919726,Operating Range,43191679-012,APPROVED,,,,,,
P1919727,Operating Range,43191679-011,APPROVED,,,,,,
P1919727,Operating Range,43191679-012,APPROVED,,,,,,
P1919728,Operating Range,43191679-011,APPROVED,,,,,,
P1919728,Operating Range,43191679-012,APPROVED,,,,,,
P1919729,Operating Range,43191679-011,APPROVED,,,,,,
P1919729,Operating Range,43191679-012,APPROVED,,,,,,
P1919730,Operating Range,43191679-011,APPROVED,,,,,,
P1919730,Operating Range,43191679-012,APPROVED,,,,,,
P1919731,Operating Range,43191679-011,APPROVED,,,,,,
P1919731,Operating Range,43191679-012,APPROVED,,,,,,
P1919732,Operating Range,43191679-011,APPROVED,,,,,,
P1919732,Operating Range,43191679-012,APPROVED,,,,,,
P1919818,Supply Voltage,24,APPROVED,,,,,,
P1919819,Supply Voltage,24,APPROVED,,,,,,
P1920438,Operating Range,43191679-011,APPROVED,,,,,,
P1920438,Operating Range,43191679-012,APPROVED,,,,,,
P1920438,Stroke,20/38mm,APPROVED,,,,,,
P1920541,Supply Voltage,230 VAC,APPROVED,,,,,,
P1920541,Supply Voltage,24 VAC,APPROVED,,,,,,
P1920541,Current Rating,300 mA,APPROVED,,,,,,
P1920541,Current Rating,600 mA,APPROVED,,,,,,
P1920543,Supply Voltage,230 VAC,APPROVED,,,,,,
P1920543,Supply Voltage,24 VAC,APPROVED,,,,,,
P1920543,Current Rating,300 mA,APPROVED,,,,,,
P1920543,Current Rating,600 mA,APPROVED,,,,,,
P1921333,Operating Range,43191679-011,APPROVED,,,,,,
P1921333,Operating Range,43191679-012,APPROVED,,,,,,
P1921333,Stroke,20/38mm,APPROVED,,,,,,
P1921578,Operating Range,43191679-011,APPROVED,,,,,,
P1921578,Operating Range,43191679-012,APPROVED,,,,,,
P1921578,Stroke,20/38mm,APPROVED,,,,,,
P1921621,Processor,Core i5-3470,APPROVED,,,,,,
P1921650,Operating Range,43191679-011,APPROVED,,,,,,
P1921650,Operating Range,43191679-012,APPROVED,,,,,,
P1921650,Stroke,20/38mm,APPROVED,,,,,,
P1921653,Temperature Range,-10 °C to +50 °C,APPROVED,,,,,,
P1921653,Enclosure Material,Flame retardant (V0) ABS,APPROVED,,,,,,
P1921809,Supply Voltage,230 VAC,APPROVED,,,,,,
P1921809,Supply Voltage,24 VAC,APPROVED,,,,,,
P1921809,Current Rating,300 mA,APPROVED,,,,,,
P1921809,Current Rating,600 mA,APPROVED,,,,,,
P1921810,Supply Voltage,230 VAC,APPROVED,,,,,,
P1921810,Supply Voltage,24 VAC,APPROVED,,,,,,
P1921810,Current Rating,300 mA,APPROVED,,,,,,
P1921810,Current Rating,600 mA,APPROVED,,,,,,
P1921811,Supply Voltage,230 VAC,APPROVED,,,,,,
P1921811,Supply Voltage,24 VAC,APPROVED,,,,,,
P1921811,Current Rating,300 mA,APPROVED,,,,,,
P1921811,Current Rating,600 mA,APPROVED,,,,,,
P1921819,Supply Voltage,230V AC,APPROVED,,,,,,
P1921819,Supply Voltage,24V AC,APPROVED,,,,,,
P1921819,Current Rating,300 mA,APPROVED,,,,,,
P1921819,Current Rating,600 mA,APPROVED,,,,,,
P1921838,Temperature Range,-40–185 deg. F,APPROVED,,,,,,
P1921860,Operating Range,43191679-011,APPROVED,,,,,,
P1921860,Operating Range,43191679-012,APPROVED,,,,,,
P1921860,Stroke,20/38mm,APPROVED,,,,,,
P1922042,Operating Range,43191679-011,APPROVED,,,,,,
P1922042,Operating Range,43191679-012,APPROVED,,,,,,
P1922042,Stroke,20/38mm,APPROVED,,,,,,
P1922260,Operating Range,43191679-011,APPROVED,,,,,,
P1922260,Operating Range,43191679-012,APPROVED,,,,,,
P1922260,Stroke,20/38mm,APPROVED,,,,,,
